,query,_id,_score,symbol,notfound
0,ENSG00000163736,5473,25.299124,PPBP,
1,ENSG00000254709,100423062,24.761679,IGLL5,
2,ENSG00000163737,5196,25.303984,PF4,
3,ENSG00000127920,2791,25.303558,GNG11,
4,ENSG00000120885,1191,24.756824,CLU,
5,ENSG00000168497,8436,25.296564,CAVIN2,
6,ENSG00000143546,6279,25.303982,S100A8,
7,ENSG00000163220,6280,24.028412,S100A9,
8,ENSG00000115523,10578,24.756868,GNLY,
9,ENSG00000132465,3512,25.303984,JCHAIN,
10,ENSG00000019582,972,25.303982,CD74,
11,ENSG00000204983,5644,24.761679,PRSS1,
12,ENSG00000111644,84519,25.303558,ACRBP,
13,ENSG00000180573,8334,25.296564,H2AC6,
14,ENSG00000107317,5730,25.299076,PTGDS,
15,ENSG00000154146,4900,25.299124,NRGN,
16,ENSG00000113140,6678,25.303984,SPARC,
17,ENSG00000169704,2815,24.356537,GP9,
18,ENSG00000101162,81027,24.761679,TUBB1,
19,ENSG00000204287,3122,24.761211,HLA-DRA,
20,ENSG00000253701,,,,True
21,ENSG00000105374,4818,24.756824,NKG7,
22,ENSG00000171611,171558,25.299124,PTCRA,
23,ENSG00000172236,7177,25.303984,TPSAB1,
24,ENSG00000101335,10398,24.356537,MYL9,
25,ENSG00000090382,4069,25.304031,LYZ,
26,ENSG00000161570,,,,True
27,ENSG00000101439,1471,24.754364,CST3,
28,ENSG00000087086,2512,24.756824,FTL,
29,ENSG00000138293,,,,True
30,ENSG00000010438,5646,25.303984,PRSS3,
31,ENSG00000161911,340205,24.76163,TREML1,
32,ENSG00000005961,3674,24.356588,ITGA2B,
33,ENSG00000166091,116173,24.761211,CMTM5,
34,ENSG00000170476,51237,25.296564,MZB1,
35,ENSG00000102804,8848,24.756824,TSC22D1,
36,ENSG00000184113,7122,24.756868,CLDN5,
37,ENSG00000100721,8115,25.303984,TCL1A,
38,ENSG00000233276,2876,24.03308,GPX1,
39,ENSG00000176783,80230,25.303982,RUFY1,
40,ENSG00000196126,3123,24.356537,HLA-DRB1,
41,ENSG00000156265,56911,25.303982,MAP3K7CL,
42,ENSG00000204472,199,25.304031,AIF1,
43,ENSG00000251562,378938,24.761211,MALAT1,
44,ENSG00000100453,3002,24.754364,GZMB,
45,ENSG00000223865,3115,24.356537,HLA-DPB1,
46,ENSG00000204482,7940,24.756824,LST1,
47,ENSG00000173372,712,24.756868,C1QA,
48,ENSG00000011600,7305,24.761631,TYROBP,
49,ENSG00000085265,2219,24.761679,FCN1,
50,ENSG00000179639,2205,24.761211,FCER1A,
51,ENSG00000167996,2495,24.356588,FTH1,
52,ENSG00000088726,55287,25.304031,TMEM40,
53,ENSG00000070031,6343,25.304031,SCT,
54,ENSG00000231389,3113,25.303982,HLA-DPA1,
55,ENSG00000236304,ENSG00000236304,26.12694,,
56,ENSG00000170458,929,25.296564,CD14,
57,ENSG00000006075,,,,True
58,ENSG00000100079,3957,24.03308,LGALS2,
59,ENSG00000182326,716,25.303982,C1S,
60,ENSG00000197766,1675,24.76163,CFD,
61,ENSG00000223855,441307,25.303982,PDGFA-DT,
62,ENSG00000184709,389816,25.303982,LRRC26,
63,ENSG00000105369,973,25.303982,CD79A,
64,ENSG00000150681,64407,25.303558,RGS18,
65,ENSG00000196565,3048,25.303982,HBG2,
66,ENSG00000100450,2999,25.303982,GZMH,
67,ENSG00000162366,10158,24.76163,PDZK1IP1,
68,ENSG00000145335,6622,24.03308,SNCA,
69,ENSG00000196154,6275,24.356588,S100A4,
70,ENSG00000158869,2207,24.756868,FCER1G,
71,ENSG00000130066,6303,25.304031,SAT1,
72,ENSG00000151650,27287,25.303982,VENTX,
73,ENSG00000010278,928,25.296564,CD9,
74,ENSG00000187699,84281,25.296564,C2orf88,
75,ENSG00000137441,83888,25.303982,FGFBP2,
76,ENSG00000160307,6285,24.356537,S100B,
77,ENSG00000134222,84722,25.299124,PSRC1,
78,ENSG00000169583,9022,24.761631,CLIC3,
79,ENSG00000166710,567,24.35181,B2M,
80,ENSG00000163221,6283,24.76163,S100A12,
81,ENSG00000173369,713,24.76163,C1QB,
82,ENSG00000123689,50486,25.303982,G0S2,
83,ENSG00000233058,ENSG00000233058,26.127375,LINC00884,
84,ENSG00000216490,10437,25.303984,IFI30,
85,ENSG00000165682,51266,25.299076,CLEC1B,
86,ENSG00000113088,3003,25.299124,GZMK,
87,ENSG00000007312,974,24.756868,CD79B,
88,ENSG00000164647,26872,24.76163,STEAP1,
89,ENSG00000075624,60,24.356537,ACTB,
90,ENSG00000227507,4050,25.303982,LTB,
91,ENSG00000008517,9235,25.296564,IL32,
92,ENSG00000105609,10990,24.76163,LILRB5,
93,ENSG00000197249,5265,24.033133,SERPINA1,
94,ENSG00000106565,28959,25.304031,TMEM176B,
95,ENSG00000025708,1890,25.296564,TYMP,
96,ENSG00000198502,3127,25.304031,HLA-DRB5,
97,ENSG00000196735,3117,24.76163,HLA-DQA1,
98,ENSG00000162444,116362,25.304031,RBP7,
99,ENSG00000224397,100506115,25.303558,PELATON,
100,ENSG00000130830,4354,25.303558,MPP1,
101,ENSG00000100097,3956,25.303558,LGALS1,
102,ENSG00000180061,284417,25.304031,TMEM150B,
103,ENSG00000197353,137797,25.304031,LYPD2,
104,ENSG00000145649,3001,24.356537,GZMA,
105,ENSG00000077984,8530,25.303558,CST7,
106,ENSG00000271751,ENSG00000271751,26.127375,,
107,ENSG00000110077,64231,25.299076,MS4A6A,
108,ENSG00000149564,90952,24.756868,ESAM,
109,ENSG00000137198,2766,25.303982,GMPR,
110,ENSG00000166927,58475,25.303982,MS4A7,
111,ENSG00000172889,51162,25.303982,EGFL7,
112,ENSG00000140749,10261,25.299076,IGSF6,
113,ENSG00000185340,10634,24.756824,GAS2L1,
114,ENSG00000026036,ENSG00000026036,26.127375,RTEL1-TNFRSF6B,
115,ENSG00000203747,2214,24.032675,FCGR3A,
116,ENSG00000104267,760,25.303558,CA2,
117,ENSG00000239961,23547,24.761211,LILRA4,
118,ENSG00000156738,931,24.356588,MS4A1,
119,ENSG00000038427,1462,25.299124,VCAN,
120,ENSG00000066336,6688,24.351852,SPI1,
121,ENSG00000129277,,,,True
122,ENSG00000180644,5551,24.761631,PRF1,
123,ENSG00000143797,129642,25.303984,MBOAT2,
124,ENSG00000151023,219670,25.296564,ENKUR,
125,ENSG00000205542,7114,24.756824,TMSB4X,
126,ENSG00000221869,1052,24.756824,CEBPD,
127,ENSG00000124491,2162,24.356588,F13A1,
128,ENSG00000124635,8970,24.356588,H2BC11,
129,ENSG00000182853,284013,25.304031,VMO1,
130,ENSG00000197746,5660,24.76163,PSAP,
131,ENSG00000163453,3490,24.76163,IGFBP7,
132,ENSG00000088826,54498,24.754364,SMOX,
133,ENSG00000090013,645,25.299124,BLVRB,
134,ENSG00000213934,3047,25.303982,HBG1,
135,ENSG00000142089,10410,24.76163,IFITM3,
136,ENSG00000251138,100507377,25.304031,LINC02882,
137,ENSG00000137801,7057,24.356588,THBS1,
138,ENSG00000104918,56729,24.761211,RETN,
139,ENSG00000176083,257101,25.303982,ZNF683,
140,ENSG00000064601,5476,24.76163,CTSA,
141,ENSG00000051523,1535,24.35613,CYBA,
142,ENSG00000159674,10417,24.754364,SPON2,
143,ENSG00000273038,,,,True
144,ENSG00000188677,29780,25.296564,PARVB,
145,ENSG00000247982,283663,25.303984,LINC00926,
146,ENSG00000204323,643008,25.299124,SMIM5,
147,ENSG00000106066,54504,25.304031,CPVL,
148,ENSG00000132386,5176,25.303558,SERPINF1,
149,ENSG00000177663,23765,24.76163,IL17RA,
150,ENSG00000105997,3200,25.299076,HOXA3,
151,ENSG00000172543,1521,25.299124,CTSW,
152,ENSG00000165424,219654,25.299124,ZCCHC24,
153,ENSG00000260755,ENSG00000260755,26.12737,,
154,ENSG00000132514,10462,24.761679,CLEC10A,
155,ENSG00000036448,9172,24.761631,MYOM2,
156,ENSG00000099958,91319,25.299076,DERL3,
157,ENSG00000182676,116729,25.296564,PPP1R27,
158,ENSG00000130522,3727,24.356588,JUND,
159,ENSG00000129226,968,25.304031,CD68,
160,ENSG00000010327,23166,25.299076,STAB1,
161,ENSG00000099785,51257,25.299076,MARCHF2,
162,ENSG00000198804,4512,24.761679,COX1,
163,ENSG00000134545,3821,24.356588,KLRC1,
164,ENSG00000197956,6277,25.296564,S100A6,
165,ENSG00000171476,84525,25.296564,HOPX,
166,ENSG00000141505,432,25.296564,ASGR1,
167,ENSG00000163131,1520,25.299124,CTSS,
168,ENSG00000171759,5053,24.756868,PAH,
169,ENSG00000109743,683,24.761679,BST1,
170,ENSG00000119535,1441,24.76163,CSF3R,
171,ENSG00000187608,9636,24.754364,ISG15,
172,ENSG00000171722,284680,25.303982,SPATA46,
173,ENSG00000106366,5054,24.76163,SERPINE1,
174,ENSG00000184702,5413,25.296564,SEPTIN5,
175,ENSG00000126759,5199,24.756868,CFP,
176,ENSG00000167526,6137,24.756868,RPL13,
177,ENSG00000267279,ENSG00000267279,26.127419,,
178,ENSG00000166428,122618,25.303982,PLD4,
179,ENSG00000162614,91624,25.304031,NEXN,
180,ENSG00000030582,2896,24.761679,GRN,
181,ENSG00000087116,9509,25.303984,ADAMTS2,
182,ENSG00000171223,3726,24.356537,JUNB,
183,ENSG00000185215,7127,25.303984,TNFAIP2,
184,ENSG00000123405,4778,24.349392,NFE2,
185,ENSG00000167460,7171,24.756824,TPM4,
186,ENSG00000171051,2357,25.299076,FPR1,
187,ENSG00000237541,3118,25.303558,HLA-DQA2,
188,ENSG00000105048,7138,25.303558,TNNT1,
189,ENSG00000170956,1084,24.761631,CEACAM3,
190,ENSG00000100427,23209,25.303984,MLC1,
191,ENSG00000173442,254102,25.296564,EHBP1L1,
192,ENSG00000271614,ENSG00000271614,26.12694,ATP2B1-AS1,
193,ENSG00000103154,54550,25.296564,NECAB2,
194,ENSG00000128218,29802,25.299076,VPREB3,
195,ENSG00000196139,8644,24.76163,AKR1C3,
196,ENSG00000198467,7169,25.303982,TPM2,
197,ENSG00000123384,4035,24.356537,LRP1,
198,ENSG00000128266,2781,25.303558,GNAZ,
199,ENSG00000152104,5784,24.761211,PTPN14,
200,ENSG00000107438,9124,25.303984,PDLIM1,
201,ENSG00000204420,80739,25.299076,MPIG6B,
202,ENSG00000002933,55365,24.761679,TMEM176A,
203,ENSG00000179344,3119,24.349392,HLA-DQB1,
204,ENSG00000137818,6176,24.754364,RPLP1,
205,ENSG00000118997,56171,25.299124,DNAH7,
206,ENSG00000116017,1820,24.35181,ARID3A,
207,ENSG00000108960,23531,25.303984,MMD,
208,ENSG00000063015,124925,25.303558,SEZ6,
209,ENSG00000142669,83442,24.76163,SH3BGRL3,
210,ENSG00000267519,ENSG00000267519,26.12737,MIR23AHG,
211,ENSG00000018280,6556,24.356588,SLC11A1,
212,ENSG00000204424,259215,25.299076,LY6G6F,
213,ENSG00000034510,9168,25.304031,TMSB10,
214,ENSG00000103187,23406,25.303984,COTL1,
215,ENSG00000148180,2934,24.756824,GSN,
216,ENSG00000269976,ENSG00000269976,26.127419,,
217,ENSG00000124731,54210,25.299124,TREM1,
218,ENSG00000260725,ENSG00000260725,26.127375,,
219,ENSG00000104904,4946,25.299124,OAZ1,
220,ENSG00000230910,ENSG00000230910,26.127375,,
221,ENSG00000101190,10732,25.299124,TCFL5,
222,ENSG00000126883,8021,24.761631,NUP214,
223,ENSG00000184451,2826,24.761631,CCR10,
224,ENSG00000186603,84842,25.299124,HPDL,
225,ENSG00000019169,8685,25.303984,MARCO,
226,ENSG00000185507,3665,25.296564,IRF7,
227,ENSG00000085733,2017,24.349392,CTTN,
228,ENSG00000110203,2352,24.761679,FOLR3,
229,ENSG00000125538,3553,24.351852,IL1B,
230,ENSG00000177606,3725,24.349392,JUN,
231,ENSG00000142046,641649,25.303984,TMEM91,
232,ENSG00000135218,948,24.756824,CD36,
233,ENSG00000158050,1844,24.356588,DUSP2,
234,ENSG00000119900,79627,25.303558,OGFRL1,
235,ENSG00000137440,9982,25.299124,FGFBP1,
236,ENSG00000109475,6164,24.756868,RPL34,
237,ENSG00000242553,ENSG00000242553,26.11972,,
238,ENSG00000104921,2208,24.761631,FCER2,
239,ENSG00000108518,5216,24.761631,PFN1,
240,ENSG00000101336,3055,24.761631,HCK,
241,ENSG00000166523,26253,24.756824,CLEC4E,
242,ENSG00000117281,11126,24.761211,CD160,
243,ENSG00000165029,19,24.349392,ABCA1,
244,ENSG00000162367,6886,24.754364,TAL1,
245,ENSG00000101856,10857,24.761679,PGRMC1,
246,ENSG00000000460,55732,25.304031,C1orf112,
247,ENSG00000166333,3611,24.756824,ILK,
248,ENSG00000144642,27303,24.756868,RBMS3,
249,ENSG00000122986,84329,25.303558,HVCN1,
250,ENSG00000084207,2950,24.356537,GSTP1,
251,ENSG00000242574,3109,24.76163,HLA-DMB,
252,ENSG00000088827,6614,25.296564,SIGLEC1,
253,ENSG00000262098,ENSG00000262098,26.11972,,
254,ENSG00000150201,53828,25.303982,FXYD4,
255,ENSG00000150687,11098,25.303982,PRSS23,
256,ENSG00000167680,10501,25.303558,SEMA6B,
257,ENSG00000134548,80763,25.303558,SPX,
258,ENSG00000148498,56288,24.356588,PARD3,
259,ENSG00000105711,6324,25.303984,SCN1B,
260,ENSG00000206503,3105,25.303984,HLA-A,
261,ENSG00000186205,64757,25.299076,MTARC1,
262,ENSG00000234745,3106,25.299076,HLA-B,
263,ENSG00000179294,,,,True
264,ENSG00000229961,ENSG00000229961,26.12694,,
265,ENSG00000130202,5819,24.761631,NECTIN2,
266,ENSG00000165949,3429,25.303982,IFI27,
267,ENSG00000142405,91662,25.303982,NLRP12,
268,ENSG00000269404,6689,25.303982,SPIB,
269,ENSG00000140968,3394,24.756824,IRF8,
270,ENSG00000103196,83716,24.761211,CRISPLD2,
271,ENSG00000143184,6375,25.299076,XCL1,
272,ENSG00000245532,283131,24.35613,NEAT1,
273,ENSG00000186350,6256,24.356588,RXRA,
274,ENSG00000198712,4513,24.761679,COX2,
275,ENSG00000272053,,,,True
276,ENSG00000233968,101928834,26.122366,LOC101928834,
277,ENSG00000172159,257019,24.756868,FRMD3,
278,ENSG00000125740,2354,24.754364,FOSB,
279,ENSG00000101057,4605,24.754364,MYBL2,
280,ENSG00000160888,9592,25.296564,IER2,
281,ENSG00000163191,6282,24.754364,S100A11,
282,ENSG00000137154,6194,24.356588,RPS6,
283,ENSG00000226125,151475,25.303558,LINC01907,
284,ENSG00000005249,5577,25.303558,PRKAR2B,
285,ENSG00000259207,3690,24.756824,ITGB3,
286,ENSG00000185245,2811,24.756824,GP1BA,
287,ENSG00000115956,5341,25.303984,PLEK,
288,ENSG00000137992,1629,24.756868,DBT,
289,ENSG00000213231,9623,25.303558,TCL1B,
290,ENSG00000206172,3039,24.028452,HBA1,
291,ENSG00000247950,100533182,25.304031,SEC24B-AS1,
292,ENSG00000196557,8912,25.299076,CACNA1H,
293,ENSG00000143995,4211,25.299076,MEIS1,
294,ENSG00000170271,10826,25.303558,FAXDC2,
295,ENSG00000226806,100507600,24.761631,LCT-AS1,
296,ENSG00000187098,4286,24.033133,MITF,
297,ENSG00000112799,9450,25.296564,LY86,
298,ENSG00000165702,8328,24.761631,GFI1B,
299,ENSG00000122786,800,25.304031,CALD1,
300,ENSG00000172116,926,24.761211,CD8B,
301,ENSG00000100292,3162,24.35613,HMOX1,
302,ENSG00000245059,ENSG00000245059,26.12694,,
303,ENSG00000136630,3142,25.303984,HLX,
304,ENSG00000173762,924,24.756868,CD7,
305,ENSG00000166147,2200,24.756868,FBN1,
306,ENSG00000204257,3108,25.304031,HLA-DMA,
307,ENSG00000134317,29841,25.304031,GRHL1,
308,ENSG00000170345,2353,24.349392,FOS,
309,ENSG00000127252,57110,25.296564,PLAAT1,
310,ENSG00000177692,54943,25.303982,DNAJC28,
311,ENSG00000074964,55160,25.303982,ARHGEF10L,
312,ENSG00000260742,ENSG00000260742,26.122316,ITPRID2-DT,
313,ENSG00000135929,1593,24.756824,CYP27A1,
314,ENSG00000267582,ENSG00000267582,26.127375,,
315,ENSG00000124762,1026,24.028452,CDKN1A,
316,ENSG00000169756,3987,24.756868,LIMS1,
317,ENSG00000185198,400668,25.303558,PRSS57,
318,ENSG00000149781,83706,24.761631,FERMT3,
319,ENSG00000227589,ENSG00000227589,26.127375,TP73-AS3,
320,ENSG00000149328,89944,25.303984,GLB1L2,
321,ENSG00000131981,3958,24.033133,LGALS3,
322,ENSG00000163815,7123,25.303982,CLEC3B,
323,ENSG00000177575,9332,24.76163,CD163,
324,ENSG00000111796,3820,25.304031,KLRB1,
325,ENSG00000175538,10008,24.754364,KCNE3,
326,ENSG00000164403,134549,25.296564,SHROOM1,
327,ENSG00000267547,ENSG00000267547,26.12737,,
328,ENSG00000259001,ENSG00000259001,26.12737,,
329,ENSG00000100316,6122,25.303558,RPL3,
330,ENSG00000197576,3201,25.303558,HOXA4,
331,ENSG00000100351,9402,25.303558,GRAP2,
332,ENSG00000145425,6189,24.356588,RPS3A,
333,ENSG00000140988,6187,24.349392,RPS2,
334,ENSG00000101440,434,24.761679,ASIP,
335,ENSG00000147604,6129,24.349392,RPL7,
336,ENSG00000152154,130733,25.303984,TMEM178A,
337,ENSG00000174106,23592,25.303984,LEMD3,
338,ENSG00000099999,200312,25.303984,RNF215,
339,ENSG00000085514,29992,25.296564,PILRA,
340,ENSG00000120129,1843,24.349392,DUSP1,
341,ENSG00000205336,9289,25.299076,ADGRG1,
342,ENSG00000095303,5742,25.299076,PTGS1,
343,ENSG00000184730,55911,25.299124,APOBR,
344,ENSG00000104903,4066,25.299124,LYL1,
345,ENSG00000133317,85329,24.761631,LGALS12,
346,ENSG00000245261,ENSG00000245261,26.127375,,
347,ENSG00000184009,71,25.303982,ACTG1,
348,ENSG00000103056,55512,24.761211,SMPD3,
349,ENSG00000135916,81618,25.303558,ITM2C,
350,ENSG00000197063,4097,24.754364,MAFG,
351,ENSG00000104695,5516,24.349392,PPP2CB,
352,ENSG00000128383,200315,24.761679,APOBEC3A,
353,ENSG00000166558,146167,24.76163,SLC38A8,
354,ENSG00000268387,,,,True
355,ENSG00000137076,7094,24.761679,TLN1,
356,ENSG00000148346,3934,24.356537,LCN2,
357,ENSG00000111058,79611,25.303982,ACSS3,
358,ENSG00000122643,51251,24.76163,NT5C3A,
359,ENSG00000166831,348093,25.299076,RBPMS2,
360,ENSG00000142192,351,24.35181,APP,
361,ENSG00000167618,3904,25.299124,LAIR2,
362,ENSG00000100300,706,24.756868,TSPO,
363,ENSG00000104361,79815,25.299124,NIPAL2,
364,ENSG00000272523,100652853,25.304031,LINC01023,
365,ENSG00000103490,29108,24.356588,PYCARD,
366,ENSG00000074416,11343,25.296564,MGLL,
367,ENSG00000051128,9454,24.754364,HOMER3,
368,ENSG00000172927,26579,25.303984,MYEOV,
369,ENSG00000132205,84034,24.761631,EMILIN2,
370,ENSG00000183019,199675,25.303984,MCEMP1,
371,ENSG00000157168,3084,24.761211,NRG1,
372,ENSG00000169245,3627,24.03308,CXCL10,
373,ENSG00000188820,441168,25.303982,CALHM6,
374,ENSG00000262420,ENSG00000262420,26.12737,,
375,ENSG00000183734,430,25.303982,ASCL2,
376,ENSG00000226091,389634,25.296564,LINC00937,
377,ENSG00000084234,334,25.296564,APLP2,
378,ENSG00000258101,ENSG00000258101,26.122366,,
379,ENSG00000185201,10581,24.756868,IFITM2,
380,ENSG00000229017,ENSG00000229017,26.127375,LINC01277,
381,ENSG00000188076,147199,25.303984,SCGB1C1,
382,ENSG00000177697,977,25.303984,CD151,
383,ENSG00000204525,3107,24.349392,HLA-C,
384,ENSG00000130489,,,,True
385,ENSG00000233203,ENSG00000233203,26.127419,DHCR24-DT,
386,ENSG00000222040,,,,True
387,ENSG00000226777,9834,25.304031,FAM30A,
388,ENSG00000143185,6846,25.304031,XCL2,
389,ENSG00000134539,3824,24.761211,KLRD1,
390,ENSG00000230082,100874032,25.303558,PRRT3-AS1,
391,ENSG00000117586,7292,25.299124,TNFSF4,
392,ENSG00000237419,ENSG00000237419,26.122366,,
393,ENSG00000150510,220108,25.296564,FAM124A,
394,ENSG00000180739,53637,25.299076,S1PR5,
395,ENSG00000138688,84162,25.304031,KIAA1109,
396,ENSG00000205693,100287284,25.296564,MANSC4,
397,ENSG00000102265,7076,24.756868,TIMP1,
398,ENSG00000137103,51754,25.304031,TMEM8B,
399,ENSG00000253250,100127983,25.303558,C8orf88,
400,ENSG00000144713,6161,24.349392,RPL32,
401,ENSG00000186193,89958,24.756868,SAPCD2,
402,ENSG00000272202,ENSG00000272202,26.122366,,
403,ENSG00000232941,,,,True
404,ENSG00000166825,290,25.304031,ANPEP,
405,ENSG00000104870,2217,25.303558,FCGRT,
406,ENSG00000124780,89822,25.299076,KCNK17,
407,ENSG00000125810,22918,24.35181,CD93,
408,ENSG00000127824,7277,25.296564,TUBA4A,
409,ENSG00000196576,23654,25.296564,PLXNB2,
410,ENSG00000189127,340120,25.299076,ANKRD34B,
411,ENSG00000156381,122416,25.299076,ANKRD9,
412,ENSG00000173626,100128327,25.303982,TRAPPC3L,
413,ENSG00000116990,4610,24.76163,MYCL,
414,ENSG00000163687,1776,25.296564,DNASE1L3,
415,ENSG00000182511,2242,25.296564,FES,
416,ENSG00000160789,4000,24.349392,LMNA,
417,ENSG00000257449,ENSG00000257449,26.12694,,
418,ENSG00000115738,3398,24.35613,ID2,
419,ENSG00000165914,145567,25.304031,TTC7B,
420,ENSG00000142634,79180,25.304031,EFHD2,
421,ENSG00000167644,64073,25.299124,C19orf33,
422,ENSG00000167851,11314,25.304031,CD300A,
423,ENSG00000122026,6144,24.756868,RPL21,
424,ENSG00000158825,978,24.761679,CDA,
425,ENSG00000167470,90007,25.303982,MIDN,
426,ENSG00000185065,ENSG00000185065,26.12737,,
427,ENSG00000176845,284207,25.303982,METRNL,
428,ENSG00000181036,343413,25.303982,FCRL6,
429,ENSG00000250305,57604,25.303982,TRMT9B,
430,ENSG00000158710,8407,24.756824,TAGLN2,
431,ENSG00000113924,3081,24.761211,HGD,
432,ENSG00000198899,4508,24.356537,ATP6,
433,ENSG00000156675,80223,25.299124,RAB11FIP1,
434,ENSG00000159714,29800,25.304031,ZDHHC1,
435,ENSG00000168229,5729,24.761631,PTGDR,
436,ENSG00000263603,ENSG00000263603,26.12694,,
437,ENSG00000079482,4983,25.299076,OPHN1,
438,ENSG00000146006,26045,25.304031,LRRTM2,
439,ENSG00000180340,2535,25.304031,FZD2,
440,ENSG00000169413,6039,25.304031,RNASE6,
441,ENSG00000181409,9625,25.304031,AATK,
442,ENSG00000145088,55840,25.299076,EAF2,
443,ENSG00000186407,342510,25.299124,CD300E,
444,ENSG00000166900,6809,25.299124,STX3,
445,ENSG00000198034,6191,24.754364,RPS4X,
446,ENSG00000229647,105373853,25.303558,MYOSLID,
447,ENSG00000010610,920,25.303558,CD4,
448,ENSG00000116667,81563,25.303558,C1orf21,
449,ENSG00000122862,5552,25.299076,SRGN,
450,ENSG00000161944,433,25.303984,ASGR2,
451,ENSG00000197561,1991,25.296564,ELANE,
452,ENSG00000169989,201798,25.299124,TIGD4,
453,ENSG00000240893,101929694,25.299124,LINC02042,
454,ENSG00000198963,6096,25.299076,RORB,
455,ENSG00000075234,55020,25.303982,TTC38,
456,ENSG00000121005,83690,25.303982,CRISPLD1,
457,ENSG00000227757,ENSG00000227757,26.122316,,
458,ENSG00000130396,4301,25.299076,AFDN,
459,ENSG00000175294,117144,24.761631,CATSPER1,
460,ENSG00000108846,8714,25.296564,ABCC3,
461,ENSG00000118508,10981,25.296564,RAB32,
462,ENSG00000112306,6206,24.356588,RPS12,
463,ENSG00000198178,170482,25.304031,CLEC4C,
464,ENSG00000000938,2268,25.303984,FGR,
465,ENSG00000086289,54749,25.303984,EPDR1,
466,ENSG00000140416,7168,24.761679,TPM1,
467,ENSG00000182732,9628,25.303558,RGS6,
468,ENSG00000235927,374987,25.303558,NEXN-AS1,
469,ENSG00000205809,3822,24.761679,KLRC2,
470,ENSG00000177324,139105,24.761679,BEND2,
471,ENSG00000115758,4953,24.76163,ODC1,
472,ENSG00000196209,284759,25.299124,SIRPB2,
473,ENSG00000177300,53842,25.299124,CLDN22,
474,ENSG00000198727,4519,24.76163,CYTB,
475,ENSG00000228058,ENSG00000228058,26.127375,LINC01736,
476,ENSG00000113946,10686,24.356537,CLDN16,
477,ENSG00000011422,5329,24.754364,PLAUR,
478,ENSG00000188483,389792,25.303982,IER5L,
479,ENSG00000181847,201633,24.76163,TIGIT,
480,ENSG00000224850,,,,True
481,ENSG00000197016,388566,25.299124,ZNF470,
482,ENSG00000213694,1903,24.35181,S1PR3,
483,ENSG00000127533,9002,25.299076,F2RL3,
484,ENSG00000100504,5836,25.299124,PYGL,
485,ENSG00000253220,ENSG00000253220,26.11972,,
486,ENSG00000273476,ENSG00000273476,26.122316,,
487,ENSG00000226508,105373984,25.303558,LINC01918,
488,ENSG00000231500,6222,24.756824,RPS18,
489,ENSG00000138061,1545,24.754364,CYP1B1,
490,ENSG00000236653,ENSG00000236653,26.122316,LINC01923,
491,ENSG00000232896,ENSG00000232896,26.12737,,
492,ENSG00000150337,2209,24.356537,FCGR1A,
493,ENSG00000116729,79971,24.356588,WLS,
494,ENSG00000236320,342618,25.303558,SLFN14,
495,ENSG00000163794,7349,24.761679,UCN,
496,ENSG00000182912,ENSG00000182912,26.122316,TSPEAR-AS2,
497,ENSG00000091073,113878,25.299076,DTX2,
498,ENSG00000198938,4514,24.756824,COX3,
499,ENSG00000159713,51673,25.303984,TPPP3,
500,ENSG00000100385,3560,25.296564,IL2RB,
501,ENSG00000179094,5187,24.349392,PER1,
502,ENSG00000166527,338339,25.299124,CLEC4D,
503,ENSG00000197629,219972,25.299124,MPEG1,
504,ENSG00000143067,90874,25.303984,ZNF697,
505,ENSG00000260256,ENSG00000260256,26.12694,,
506,ENSG00000259483,ENSG00000259483,26.127419,,
507,ENSG00000028277,5452,25.296564,POU2F2,
508,ENSG00000261253,ENSG00000261253,26.127375,,
509,ENSG00000116819,339488,25.296564,TFAP2E,
510,ENSG00000160224,326,25.296564,AIRE,
511,ENSG00000131042,10288,24.349392,LILRB2,
512,ENSG00000127720,84190,25.299124,METTL25,
513,ENSG00000246695,ENSG00000246695,26.12694,RASSF8-AS1,
514,ENSG00000272861,ENSG00000272861,26.12694,,
515,ENSG00000169575,7441,25.299076,VPREB1,
516,ENSG00000142541,23521,24.356588,RPL13A,
517,ENSG00000107130,23413,24.356588,NCS1,
518,ENSG00000119862,29094,25.304031,LGALSL,
519,ENSG00000128245,7533,24.356537,YWHAH,
520,ENSG00000159189,714,24.76163,C1QC,
521,ENSG00000119042,23314,24.033083,SATB2,
522,ENSG00000175137,80851,25.303984,SH3BP5L,
523,ENSG00000003436,7035,25.303558,TFPI,
524,ENSG00000151948,144423,25.303558,GLT1D1,
525,ENSG00000054356,5798,25.299124,PTPRN,
526,ENSG00000258554,ENSG00000258554,26.122316,,
527,ENSG00000104894,951,25.299076,CD37,
528,ENSG00000159374,130951,25.299124,M1AP,
529,ENSG00000108839,239,25.299124,ALOX12,
530,ENSG00000136830,64855,25.303982,NIBAN2,
531,ENSG00000272327,,,,True
532,ENSG00000147403,6134,24.761631,RPL10,
533,ENSG00000125968,3397,25.303984,ID1,
534,ENSG00000170955,112464,25.303984,CAVIN3,
535,ENSG00000261754,ENSG00000261754,26.127419,,
536,ENSG00000198763,4536,24.76163,ND2,
537,ENSG00000146376,93663,25.303558,ARHGAP18,
538,ENSG00000167641,94274,25.303558,PPP1R14A,
539,ENSG00000159625,84229,25.299124,DRC7,
540,ENSG00000171777,115727,24.756868,RASGRP4,
541,ENSG00000116406,80267,24.756868,EDEM3,
542,ENSG00000173040,132884,25.303982,EVC2,
543,ENSG00000235568,150372,25.303982,NFAM1,
544,ENSG00000166863,6866,25.299076,TAC3,
545,ENSG00000163661,5806,24.033133,PTX3,
546,ENSG00000168071,283234,24.761679,CCDC88B,
547,ENSG00000230090,ENSG00000230090,26.122316,,
548,ENSG00000128254,25775,25.303984,YWHAH-AS1,
549,ENSG00000176170,8877,24.356537,SPHK1,
550,ENSG00000153071,1601,25.299076,DAB2,
551,ENSG00000267506,ENSG00000267506,26.12694,,
552,ENSG00000122691,7291,24.756824,TWIST1,
553,ENSG00000136250,313,25.299076,AOAH,
554,ENSG00000042493,822,25.296564,CAPG,
555,ENSG00000249252,101929095,25.296564,C1QTNF7-AS1,
556,ENSG00000184060,55803,25.296564,ADAP2,
557,ENSG00000249655,ENSG00000249655,26.127419,,
558,ENSG00000253737,ENSG00000253737,26.12694,,
559,ENSG00000185863,100505993,25.304031,TMEM210,
560,ENSG00000135404,967,24.761679,CD63,
561,ENSG00000260285,ENSG00000260285,26.127419,,
562,ENSG00000048462,608,24.754364,TNFRSF17,
563,ENSG00000133800,10894,25.299076,LYVE1,
564,ENSG00000076944,6813,25.299076,STXBP2,
565,ENSG00000261055,ENSG00000261055,26.11972,,
566,ENSG00000162722,25893,25.303558,TRIM58,
567,ENSG00000105507,56344,25.303558,CABP5,
568,ENSG00000260640,ENSG00000260640,26.122366,,
569,ENSG00000266401,105371967,26.12737,LOC105371967,
570,ENSG00000186818,11006,24.76163,LILRB4,
571,ENSG00000177311,253461,25.303982,ZBTB38,
572,ENSG00000168646,8313,24.356537,AXIN2,
573,ENSG00000164587,6208,24.76163,RPS14,
574,ENSG00000117632,3925,25.303982,STMN1,
575,ENSG00000119457,57864,24.761631,SLC46A2,
576,ENSG00000250714,ENSG00000250714,26.12694,,
577,ENSG00000243449,401115,25.296564,C4orf48,
578,ENSG00000118520,383,24.761211,ARG1,
579,ENSG00000101194,63910,25.299076,SLC17A9,
580,ENSG00000167703,124935,25.304031,SLC43A2,
581,ENSG00000256039,101060038,25.303984,LINC02446,
582,ENSG00000153563,925,24.756868,CD8A,
583,ENSG00000050393,63933,25.299124,MCUR1,
584,ENSG00000198853,9853,25.304031,RUSC2,
585,ENSG00000007350,8277,25.299076,TKTL1,
586,ENSG00000164713,25798,25.299076,BRI3,
587,ENSG00000119655,10577,25.303984,NPC2,
588,ENSG00000140859,3801,25.296564,KIFC3,
589,ENSG00000233895,,,,True
590,ENSG00000237596,644135,26.127375,LOC644135,
591,ENSG00000132329,10267,25.303558,RAMP1,
592,ENSG00000183632,24150,25.303558,TP53TG3,
593,ENSG00000198053,140885,24.761679,SIRPA,
594,ENSG00000099331,4650,25.304031,MYO9B,
595,ENSG00000133216,2048,24.756868,EPHB2,
596,ENSG00000111249,23316,25.299124,CUX2,
597,ENSG00000184716,619189,25.299076,SERINC4,
598,ENSG00000125952,4149,24.756824,MAX,
599,ENSG00000113070,1839,24.349392,HBEGF,
600,ENSG00000139187,10219,24.754364,KLRG1,
601,ENSG00000105737,2901,25.303984,GRIK5,
602,ENSG00000134686,1912,25.303984,PHC2,
603,ENSG00000145287,51316,25.303558,PLAC8,
604,ENSG00000177989,440836,25.303558,ODF3B,
605,ENSG00000050820,9564,24.349392,BCAR1,
606,ENSG00000223387,105374219,25.296564,LINC02068,
607,ENSG00000125844,6238,25.304031,RRBP1,
608,ENSG00000254703,100507392,25.304031,SENCR,
609,ENSG00000137726,53826,25.303982,FXYD6,
610,ENSG00000150540,3176,24.76163,HNMT,
611,ENSG00000155659,11326,25.299124,VSIG4,
612,ENSG00000175489,126364,24.756868,LRRC25,
613,ENSG00000257595,105369984,25.303984,LINC02356,
614,ENSG00000182566,339390,25.299076,CLEC4G,
615,ENSG00000111199,59341,24.35181,TRPV4,
616,ENSG00000099381,9739,24.35613,SETD1A,
617,ENSG00000111321,4055,25.303558,LTBR,
618,ENSG00000112115,3605,24.356537,IL17A,
619,ENSG00000033627,535,24.761631,ATP6V0A1,
620,ENSG00000149403,2900,25.303984,GRIK4,
621,ENSG00000167100,201191,25.303982,SAMD14,
622,ENSG00000240403,3812,25.299076,KIR3DL2,
623,ENSG00000114166,8850,24.76163,KAT2B,
624,ENSG00000124882,2069,24.349392,EREG,
625,ENSG00000135709,9764,25.304031,KIAA0513,
626,ENSG00000228022,105375013,25.304031,HCG20,
627,ENSG00000204065,340543,25.303982,TCEAL5,
628,ENSG00000240440,ENSG00000240440,26.12737,,
629,ENSG00000196411,2050,24.356537,EPHB4,
630,ENSG00000100373,7380,25.296564,UPK3A,
631,ENSG00000167011,375607,25.296564,NAT16,
632,ENSG00000235890,ENSG00000235890,26.127419,TSPEAR-AS1,
633,ENSG00000133246,84106,24.761211,PRAM1,
634,ENSG00000107551,83937,25.303558,RASSF4,
635,ENSG00000204475,259197,25.299124,NCR3,
636,ENSG00000158246,115572,24.76163,TENT5B,
637,ENSG00000168995,27036,25.303982,SIGLEC7,
638,ENSG00000224805,100874253,24.756868,LINC00853,
639,ENSG00000169403,5724,24.761679,PTAFR,
640,ENSG00000147535,84513,24.756868,PLPP5,
641,ENSG00000145220,55646,24.756868,LYAR,
642,ENSG00000145428,285533,25.299124,RNF175,
643,ENSG00000139899,643866,25.299076,CBLN3,
644,ENSG00000198019,ENSG00000198019,26.127419,FCGR1B,
645,ENSG00000143595,89872,24.349392,AQP10,
646,ENSG00000186081,3852,24.76163,KRT5,
647,ENSG00000181444,168544,25.296564,ZNF467,
648,ENSG00000233896,727993,25.303984,PDYN-AS1,
649,ENSG00000197461,5154,24.754364,PDGFA,
650,ENSG00000100906,4792,24.35613,NFKBIA,
651,ENSG00000090659,30835,25.304031,CD209,
652,ENSG00000088053,51206,24.356537,GP6,
653,ENSG00000228779,ENSG00000228779,26.11972,,
654,ENSG00000267549,ENSG00000267549,26.11972,ZSCAN5A-AS1,
655,ENSG00000271868,ENSG00000271868,26.11972,,
656,ENSG00000198574,117157,25.299124,SH2D1B,
657,ENSG00000142676,6135,24.756824,RPL11,
658,ENSG00000262074,ENSG00000262074,26.12694,SNORD3B-2,
659,ENSG00000153823,55022,25.304031,PID1,
660,ENSG00000169347,2813,24.761631,GP2,
661,ENSG00000028137,7133,24.356537,TNFRSF1B,
662,ENSG00000259113,ENSG00000259113,26.11972,,
663,ENSG00000101470,7125,25.299124,TNNC2,
664,ENSG00000103375,343,24.356537,AQP8,
665,ENSG00000073464,1183,25.299124,CLCN4,
666,ENSG00000230461,ENSG00000230461,26.12737,PROX1-AS1,
667,ENSG00000204103,9935,24.761679,MAFB,
668,ENSG00000176485,11145,25.304031,PLAAT3,
669,ENSG00000197903,85236,24.756868,H2BC12,
670,ENSG00000108352,51195,24.756868,RAPGEFL1,
671,ENSG00000143994,84696,25.303982,ABHD1,
672,ENSG00000254528,ENSG00000254528,26.12737,,
673,ENSG00000105640,6142,24.76163,RPL18A,
674,ENSG00000092841,4637,25.303982,MYL6,
675,ENSG00000234776,143678,25.299076,C11orf94,
676,ENSG00000142185,7226,24.756824,TRPM2,
677,ENSG00000132692,63827,25.296564,BCAN,
678,ENSG00000154736,11096,24.754364,ADAMTS5,
679,ENSG00000110446,51296,25.296564,SLC15A3,
680,ENSG00000259083,ENSG00000259083,26.11972,,
681,ENSG00000105520,64748,24.761211,PLPPR2,
682,ENSG00000118855,64747,25.299076,MFSD1,
683,ENSG00000245293,101929595,25.304031,CYP2U1-AS1,
684,ENSG00000113303,79908,25.304031,BTNL8,
685,ENSG00000259269,ENSG00000259269,26.12737,,
686,ENSG00000175063,11065,24.356588,UBE2C,
687,ENSG00000229474,197135,25.304031,PATL2,
688,ENSG00000182667,50863,25.303982,NTM,
689,ENSG00000108798,51225,25.303558,ABI3,
690,ENSG00000134827,6947,25.303558,TCN1,
691,ENSG00000230532,ENSG00000230532,26.127375,,
692,ENSG00000174600,1240,24.351852,CMKLR1,
693,ENSG00000241106,3112,25.296564,HLA-DOB,
694,ENSG00000155366,389,25.296564,RHOC,
695,ENSG00000198821,919,24.356537,CD247,
696,ENSG00000272017,,,,True
697,ENSG00000261280,,,,True
698,ENSG00000133639,694,25.304031,BTG1,
699,ENSG00000070614,3340,24.76163,NDST1,
700,ENSG00000108179,10105,24.76163,PPIF,
701,ENSG00000234184,101927412,25.303982,LINC01781,
702,ENSG00000164674,94120,25.304031,SYTL3,
703,ENSG00000246214,101929524,25.303984,RETREG1-AS1,
704,ENSG00000181016,286006,25.299124,LSMEM1,
705,ENSG00000250072,ENSG00000250072,26.127375,SH3TC2-DT,
706,ENSG00000228215,ENSG00000228215,26.11972,LINC02770,
707,ENSG00000171604,51523,25.304031,CXXC5,
708,ENSG00000099256,56952,25.304031,PRTFDC1,
709,ENSG00000185291,3563,25.299076,IL3RA,
710,ENSG00000109272,5197,25.303558,PF4V1,
711,ENSG00000265750,ENSG00000265750,26.122366,,
712,ENSG00000180871,3579,24.351852,CXCR2,
713,ENSG00000131386,117248,25.303558,GALNT15,
714,ENSG00000250334,100506035,25.303984,LINC00989,
715,ENSG00000251131,ENSG00000251131,26.11972,,
716,ENSG00000169313,64805,24.754364,P2RY12,
717,ENSG00000214944,64283,24.761631,ARHGEF28,
718,ENSG00000086730,7462,25.304031,LAT2,
719,ENSG00000240747,100506243,25.299076,KRBOX1,
720,ENSG00000138185,953,24.756824,ENTPD1,
721,ENSG00000125434,399512,25.303984,SLC25A35,
722,ENSG00000223969,ENSG00000223969,26.127419,,
723,ENSG00000128294,8459,25.299124,TPST2,
724,ENSG00000185186,ENSG00000185186,26.12694,LINC00313,
725,ENSG00000065534,4638,24.761211,MYLK,
726,ENSG00000231680,ENSG00000231680,26.11972,LINC02723,
727,ENSG00000272491,ENSG00000272491,26.11972,,
728,ENSG00000272049,ENSG00000272049,26.12737,,
729,ENSG00000160867,2264,24.76163,FGFR4,
730,ENSG00000083845,6193,24.761679,RPS5,
731,ENSG00000260278,ENSG00000260278,26.127419,BMP2K-DT,
732,ENSG00000168502,23255,25.304031,MTCL1,
733,ENSG00000143947,6233,24.756868,RPS27A,
734,ENSG00000023902,51177,25.299124,PLEKHO1,
735,ENSG00000100083,26088,24.756868,GGA1,
736,ENSG00000143537,8751,25.303984,ADAM15,
737,ENSG00000166926,245802,25.303984,MS4A6E,
738,ENSG00000257017,3240,24.761631,HP,
739,ENSG00000162817,79762,25.299076,C1orf115,
740,ENSG00000165801,55701,25.303982,ARHGEF40,
741,ENSG00000257239,ENSG00000257239,26.12737,,
742,ENSG00000100321,9145,25.303982,SYNGR1,
743,ENSG00000171466,54811,25.303558,ZNF562,
744,ENSG00000137571,81796,25.296564,SLCO5A1,
745,ENSG00000272979,ENSG00000272979,26.122316,,
746,ENSG00000167553,84790,24.756824,TUBA1C,
747,ENSG00000231082,105378386,25.303558,LINC02655,
748,ENSG00000106263,8662,24.761211,EIF3B,
749,ENSG00000112561,7942,24.754364,TFEB,
750,ENSG00000088992,54997,25.296564,TESC,
751,ENSG00000082781,3693,25.299124,ITGB5,
752,ENSG00000026025,7431,24.761679,VIM,
753,ENSG00000105372,6223,24.356588,RPS19,
754,ENSG00000116701,4688,24.349392,NCF2,
755,ENSG00000197921,388585,25.296564,HES5,
756,ENSG00000024422,30846,25.304031,EHD2,
757,ENSG00000163017,72,24.756824,ACTG2,
758,ENSG00000174175,6403,25.303984,SELP,
759,ENSG00000223774,ENSG00000223774,26.127375,,
760,ENSG00000127663,23030,24.761211,KDM4B,
761,ENSG00000177706,56975,25.303558,FAM20C,
762,ENSG00000272604,ENSG00000272604,26.11972,,
763,ENSG00000160883,3101,25.296564,HK3,
764,ENSG00000242396,ENSG00000242396,26.127419,,
765,ENSG00000104888,57030,25.299076,SLC17A7,
766,ENSG00000214290,120376,25.299076,COLCA2,
767,ENSG00000106236,4885,25.303558,NPTX2,
768,ENSG00000198888,4535,24.351852,ND1,
769,ENSG00000155254,83742,25.299124,MARVELD1,
770,ENSG00000007264,4145,25.304031,MATK,
771,ENSG00000106853,22949,25.304031,PTGR1,
772,ENSG00000130725,9040,25.296564,UBE2M,
773,ENSG00000141682,5366,24.761631,PMAIP1,
774,ENSG00000268810,ENSG00000268810,26.12737,,
775,ENSG00000262211,ENSG00000262211,26.12737,,
776,ENSG00000186635,116985,25.303982,ARAP1,
777,ENSG00000082068,55100,25.303558,WDR70,
778,ENSG00000267886,ENSG00000267886,26.122366,,
779,ENSG00000235904,ENSG00000235904,26.11972,RBMS3-AS3,
780,ENSG00000126264,10870,25.296564,HCST,
781,ENSG00000260060,ENSG00000260060,26.127375,,
782,ENSG00000220201,100125288,25.299076,ZGLP1,
783,ENSG00000169896,3684,24.356537,ITGAM,
784,ENSG00000151789,79750,25.303982,ZNF385D,
785,ENSG00000120708,7045,25.303982,TGFBI,
786,ENSG00000133612,116988,24.761211,AGAP3,
787,ENSG00000188290,57801,25.303558,HES4,
788,ENSG00000005156,3980,24.761211,LIG3,
789,ENSG00000272555,ENSG00000272555,26.127419,,
790,ENSG00000101160,1522,24.756868,CTSZ,
791,ENSG00000145703,10788,25.299076,IQGAP2,
792,ENSG00000066923,10734,24.356588,STAG3,
793,ENSG00000145506,85409,25.299076,NKD2,
794,ENSG00000268375,ENSG00000268375,26.122316,,
795,ENSG00000013016,30845,25.299076,EHD3,
796,ENSG00000225936,ENSG00000225936,26.127375,,
797,ENSG00000225331,ENSG00000225331,26.127375,LINC01678,
798,ENSG00000068383,3632,25.303984,INPP5A,
799,ENSG00000177674,57085,25.303984,AGTRAP,
800,ENSG00000228261,ENSG00000228261,26.122366,ITPRIP-AS1,
801,ENSG00000039068,999,24.351852,CDH1,
802,ENSG00000100362,5816,25.304031,PVALB,
803,ENSG00000138639,83478,25.304031,ARHGAP24,
804,ENSG00000174437,488,24.356588,ATP2A2,
805,ENSG00000113209,26167,24.754364,PCDHB5,
806,ENSG00000167705,83547,25.299076,RILP,
807,ENSG00000270169,,,,True
808,ENSG00000260188,ENSG00000260188,26.127419,,
809,ENSG00000166340,1200,24.756824,TPP1,
810,ENSG00000167693,64359,25.304031,NXN,
811,ENSG00000178789,124599,25.296564,CD300LB,
812,ENSG00000196924,2316,24.756824,FLNA,
813,ENSG00000226367,93654,25.299124,ST7-AS2,
814,ENSG00000272372,ENSG00000272372,26.12694,,
815,ENSG00000143545,5872,24.761631,RAB13,
816,ENSG00000242498,348110,25.296564,ARPIN,
817,ENSG00000035862,7077,24.756868,TIMP2,
818,ENSG00000179832,727957,25.303558,MROH1,
819,ENSG00000205784,645432,25.303558,ARRDC5,
820,ENSG00000248752,ENSG00000248752,26.12737,,
821,ENSG00000161835,160622,25.304031,TAMALIN,
822,ENSG00000215458,284837,25.303984,AATBC,
823,ENSG00000103313,4210,24.761679,MEFV,
824,ENSG00000153113,831,25.299076,CAST,
825,ENSG00000197852,55924,25.296564,INKA2,
826,ENSG00000254980,ENSG00000254980,26.127419,,
827,ENSG00000166963,4130,25.296564,MAP1A,
828,ENSG00000206567,ENSG00000206567,26.11972,,
829,ENSG00000067082,1316,24.026028,KLF6,
830,ENSG00000239713,60489,24.756868,APOBEC3G,
831,ENSG00000135114,8638,24.756868,OASL,
832,ENSG00000164825,1672,24.35613,DEFB1,
833,ENSG00000185480,55010,25.303982,PARPBP,
834,ENSG00000204120,26058,24.76163,GIGYF2,
835,ENSG00000268812,91370,25.304031,LIF-AS2,
836,ENSG00000132475,3021,24.761679,H3-3B,
837,ENSG00000247473,100852407,25.303558,CARS1-AS1,
838,ENSG00000165233,84270,25.303558,CARD19,
839,ENSG00000265206,ENSG00000265206,26.127375,,
840,ENSG00000198886,4538,24.756824,ND4,
841,ENSG00000101017,958,24.356537,CD40,
842,ENSG00000238005,101927851,26.122316,LNCATV,
843,ENSG00000149273,6188,24.761631,RPS3,
844,ENSG00000174196,,,,True
845,ENSG00000173457,26472,25.296564,PPP1R14B,
846,ENSG00000149418,6768,25.303984,ST14,
847,ENSG00000105887,136319,25.303984,MTPN,
848,ENSG00000180767,166012,25.303558,CHST13,
849,ENSG00000168135,3761,25.304031,KCNJ4,
850,ENSG00000144677,10217,24.35613,CTDSPL,
851,ENSG00000237476,101928891,25.299124,LINC01637,
852,ENSG00000110436,6506,25.296564,SLC1A2,
853,ENSG00000273341,ENSG00000273341,26.122316,,
854,ENSG00000159423,8659,25.303982,ALDH4A1,
855,ENSG00000123933,10608,25.304031,MXD4,
856,ENSG00000070404,10272,24.754364,FSTL3,
857,ENSG00000155465,9056,25.299076,SLC7A7,
858,ENSG00000072135,26469,25.304031,PTPN18,
859,ENSG00000227165,283089,25.296564,WDR11-DT,
860,ENSG00000271659,ENSG00000271659,26.11972,,
861,ENSG00000047648,395,25.299076,ARHGAP6,
862,ENSG00000171552,598,24.761211,BCL2L1,
863,ENSG00000132965,241,25.299124,ALOX5AP,
864,ENSG00000138685,2247,24.756824,FGF2,
865,ENSG00000232973,285154,25.303558,CYP1B1-AS1,
866,ENSG00000268635,ENSG00000268635,26.127419,,
867,ENSG00000236030,,,,True
868,ENSG00000136378,11173,25.296564,ADAMTS7,
869,ENSG00000162889,9261,24.756868,MAPKAPK2,
870,ENSG00000135046,301,24.356537,ANXA1,
871,ENSG00000186431,2204,24.76163,FCAR,
872,ENSG00000263164,ENSG00000263164,26.12737,,
873,ENSG00000233153,100505877,25.303984,UBE2E2-DT,
874,ENSG00000179583,4261,25.303984,CIITA,
875,ENSG00000258256,ENSG00000258256,26.11972,,
876,ENSG00000153207,25909,24.756868,AHCTF1,
877,ENSG00000108039,7511,25.296564,XPNPEP1,
878,ENSG00000144040,94097,25.296564,SFXN5,
879,ENSG00000237772,ENSG00000237772,26.127419,LINC02631,
880,ENSG00000166086,83700,24.761211,JAM3,
881,ENSG00000163430,11167,25.299076,FSTL1,
882,ENSG00000236968,ENSG00000236968,26.12737,,
883,ENSG00000100053,1417,25.303984,CRYBB3,
884,ENSG00000100034,9647,24.35181,PPM1F,
885,ENSG00000140836,463,24.756824,ZFHX3,
886,ENSG00000114656,57501,25.304031,CFAP92,
887,ENSG00000226438,ENSG00000226438,26.127419,,
888,ENSG00000178150,163071,25.299124,ZNF114,
889,ENSG00000197046,284266,24.756868,SIGLEC15,
890,ENSG00000173253,10655,24.761211,DMRT2,
891,ENSG00000258413,ENSG00000258413,26.122316,FBXO34-AS1,
892,ENSG00000138641,8916,24.754364,HERC3,
893,ENSG00000155530,136332,25.296564,LRGUK,
894,ENSG00000165959,79789,25.304031,CLMN,
895,ENSG00000143839,5972,25.303982,REN,
896,ENSG00000244055,ENSG00000244055,26.12737,,
897,ENSG00000236202,100873937,25.303982,GRM7-AS1,
898,ENSG00000260872,,,,True
899,ENSG00000005381,4353,25.303984,MPO,
900,ENSG00000162383,6512,25.304031,SLC1A7,
901,ENSG00000172346,27254,25.304031,CSDC2,
902,ENSG00000059377,6916,24.754364,TBXAS1,
903,ENSG00000205740,ENSG00000205740,26.12694,,
904,ENSG00000173621,78999,25.303558,LRFN4,
905,ENSG00000165168,1536,24.756824,CYBB,
906,ENSG00000245848,1050,24.351852,CEBPA,
907,ENSG00000074660,8578,25.303984,SCARF1,
908,ENSG00000131849,7691,25.303558,ZNF132,
909,ENSG00000269934,ENSG00000269934,26.127419,,
910,ENSG00000185332,284186,25.304031,TMEM105,
911,ENSG00000105251,56961,25.296564,SHD,
912,ENSG00000133112,7178,25.299076,TPT1,
913,ENSG00000101333,5332,25.299076,PLCB4,
914,ENSG00000152433,284306,25.299076,ZNF547,
915,ENSG00000136689,3557,24.349392,IL1RN,
916,ENSG00000073861,30009,24.351852,TBX21,
917,ENSG00000130881,4037,25.303558,LRP3,
918,ENSG00000148803,282969,25.304031,FUOM,
919,ENSG00000147459,80005,24.356588,DOCK5,
920,ENSG00000197540,3004,24.754364,GZMM,
921,ENSG00000237803,ENSG00000237803,26.122366,LINC00211,
922,ENSG00000165457,2350,25.303984,FOLR2,
923,ENSG00000158517,653361,24.761631,NCF1,
924,ENSG00000185630,5087,25.303558,PBX1,
925,ENSG00000140939,8996,24.756824,NOL3,
926,ENSG00000178175,167465,24.754364,ZNF366,
927,ENSG00000147394,7739,24.754364,ZNF185,
928,ENSG00000064652,28966,25.303558,SNX24,
929,ENSG00000105146,6795,25.303558,AURKC,
930,ENSG00000121766,51538,25.299076,ZCCHC17,
931,ENSG00000196559,,,,True
932,ENSG00000243955,2938,25.299124,GSTA1,
933,ENSG00000101040,23613,24.761679,ZMYND8,
934,ENSG00000125388,2868,24.356588,GRK4,
935,ENSG00000169442,1043,25.299076,CD52,
936,ENSG00000162144,220002,25.299076,CYB561A3,
937,ENSG00000116786,23207,25.304031,PLEKHM2,
938,ENSG00000006756,414,25.304031,ARSD,
939,ENSG00000186891,8784,24.76163,TNFRSF18,
940,ENSG00000212747,441518,24.76163,RTL8B,
941,ENSG00000270115,ENSG00000270115,26.12737,,
942,ENSG00000112715,7422,24.028452,VEGFA,
943,ENSG00000229582,ENSG00000229582,26.122366,,
944,ENSG00000111716,3945,24.028452,LDHB,
945,ENSG00000257275,ENSG00000257275,26.127375,,
946,ENSG00000262202,ENSG00000262202,26.11972,,
947,ENSG00000272632,ENSG00000272632,26.12694,,
948,ENSG00000165025,6850,24.35613,SYK,
949,ENSG00000110799,7450,25.304031,VWF,
950,ENSG00000171794,8433,25.304031,UTF1,
951,ENSG00000253199,286114,25.296564,LINC02153,
952,ENSG00000153064,55024,25.296564,BANK1,
953,ENSG00000157657,114991,25.303984,ZNF618,
954,ENSG00000177954,6232,25.303984,RPS27,
955,ENSG00000214357,54492,25.303558,NEURL1B,
956,ENSG00000231102,ENSG00000231102,26.12694,,
957,ENSG00000158856,2039,25.303982,DMTN,
958,ENSG00000233554,ENSG00000233554,26.12737,B4GALT1-AS1,
959,ENSG00000243709,10637,25.303982,LEFTY1,
960,ENSG00000233643,ENSG00000233643,26.11972,LINC02625,
961,ENSG00000117318,3399,24.756868,ID3,
962,ENSG00000197780,6884,25.299124,TAF13,
963,ENSG00000081189,4208,25.303982,MEF2C,
964,ENSG00000197747,6281,24.76163,S100A10,
965,ENSG00000114315,3280,25.296564,HES1,
966,ENSG00000132334,5791,25.303984,PTPRE,
967,ENSG00000263787,ENSG00000263787,26.127375,SKAP1-AS1,
968,ENSG00000109586,51809,25.296564,GALNT7,
969,ENSG00000272663,ENSG00000272663,26.11972,PPP1R21-DT,
970,ENSG00000236403,ENSG00000236403,26.127419,,
971,ENSG00000123570,51209,25.299076,RAB9B,
972,ENSG00000253506,342538,25.299076,NACA2,
973,ENSG00000140932,146225,25.303558,CMTM2,
974,ENSG00000186815,53373,24.761679,TPCN1,
975,ENSG00000205726,6453,25.304031,ITSN1,
976,ENSG00000198909,4215,24.761679,MAP3K3,
977,ENSG00000135476,9700,25.299124,ESPL1,
978,ENSG00000235358,ENSG00000235358,26.122366,,
979,ENSG00000196517,6536,24.761211,SLC6A9,
980,ENSG00000233922,105372840,25.296564,LINC01694,
981,ENSG00000004399,23129,25.299076,PLXND1,
982,ENSG00000093134,55350,7.9860725,VNN3P,
983,ENSG00000260805,ENSG00000260805,26.12694,,
984,ENSG00000198478,83699,25.303984,SH3BGRL2,
985,ENSG00000213719,1192,25.296564,CLIC1,
986,ENSG00000100364,23313,25.296564,KIAA0930,
987,ENSG00000255931,ENSG00000255931,26.122366,,
988,ENSG00000231437,643355,25.303558,LINC01750,
989,ENSG00000189316,441239,26.127419,LOC441239,
990,ENSG00000128274,53947,25.303982,A4GALT,
991,ENSG00000130429,10095,24.761679,ARPC1B,
992,ENSG00000133401,23037,25.303984,PDZD2,
993,ENSG00000124302,64377,25.303982,CHST8,
994,ENSG00000167522,29123,24.761631,ANKRD11,
995,ENSG00000148834,9446,24.76163,GSTO1,
996,ENSG00000246379,283856,25.303982,GNAO1-DT,
997,ENSG00000148655,83938,25.303982,LRMDA,
998,ENSG00000166707,644353,25.296564,ZCCHC18,
999,ENSG00000142937,6202,24.756868,RPS8,
